item_number,appliance_type,applicance_sub_type,brand,model_id,omni_item_id,description,price,product_image_gcs_uri
RS65DG54R3S9,refrigerator,side by side,samsung,m-RS65DG54R3S9,RS65DG54R3S9-EF,Samsung Series 7 SpaceMax™ RS65DG54R3S9 American Style Smart Fridge Freezer - Refined Inox,1199,"gs://rscw-workshop-fridge-stage-PROJECT_NUMBER/unstructured-data/fridge_images/RS65DG54R3S9.jpg"
RS65DG54R3S9,refrigerator,side by side,samsung,m-RS65DG54R3S9,RS65DG54R3S9-EU,Samsung Series 7 SpaceMax™ RS65DG54R3S9 American Style Smart Fridge Freezer - Refined Inox,1199,"gs://rscw-workshop-fridge-stage-PROJECT_NUMBER/unstructured-data/fridge_images/RS65DG54R3S9.jpg"
RS66DG813CS9EU,refrigerator,side by side,samsung,m-RS66DG813CS9EU,RS66DG813CS9EU,"Samrung RS66 Side-by-Side In-Door Ice Maker - All-Around Cooling - 28 cu.ft.",1199,"gs://rscw-workshop-fridge-stage-PROJECT_NUMBER/unstructured-data/fridge_images/RS66DG813CS9EU.jpg"
LRSWS2806S,refrigerator,side by side,lg,m-LRSWS2806S,LRSWS2806S,28 cu. ft. Capacity Side-by-Side Refrigerator with External Water Dispenser,1554,"gs://rscw-workshop-fridge-stage-PROJECT_NUMBER/unstructured-data/fridge_images/LRSWS2806S.jpg"
LRSXC2306,refrigerator,side by side,lg,m-LRSXC2306V,LRSXC2306S,23 cu. ft. Side-by-Side Counter-Depth Refrigerator with Smooth Touch Dispenser,1649,"gs://rscw-workshop-fridge-stage-PROJECT_NUMBER/unstructured-data/fridge_images/LRSXC2306.jpg"
LRSXC2306,refrigerator,side by side,lg,m-LRSXC2306V,LRSXC2306V,23 cu. ft. Side-by-Side Counter-Depth Refrigerator with Smooth Touch Dispenser,1649,"gs://rscw-workshop-fridge-stage-PROJECT_NUMBER/unstructured-data/fridge_images/LRSXC2306.jpg"
LRSXS2706,refrigerator,side by side,lg,m-LRSXS2706,LRSXS2706S,27 cu. ft. Side-by-Side Refrigerator with Smooth Touch Ice Dispenser,1721,"gs://rscw-workshop-fridge-stage-PROJECT_NUMBER/unstructured-data/fridge_images/LRSXS2706.jpg"
LRSXS2706,refrigerator,side by side,lg,m-LRSXS2706,LRSXS2706W,28 cu. ft. Side-by-Side Refrigerator with Smooth Touch Ice Dispenser,1721,"gs://rscw-workshop-fridge-stage-PROJECT_NUMBER/unstructured-data/fridge_images/LRSXS2706.jpg"
LRSXS2706,refrigerator,side by side,lg,m-LRSXS2706,LRSXS2706V,29 cu. ft. Side-by-Side Refrigerator with Smooth Touch Ice Dispenser,1721,"gs://rscw-workshop-fridge-stage-PROJECT_NUMBER/unstructured-data/fridge_images/LRSXS2706.jpg"
LRSXS2706,refrigerator,side by side,lg,m-LRSXS2706,LRSXS2706B,30 cu. ft. Side-by-Side Refrigerator with Smooth Touch Ice Dispenser,1721,"gs://rscw-workshop-fridge-stage-PROJECT_NUMBER/unstructured-data/fridge_images/LRSXS2706.jpg"
LRSOS2706,refrigerator,side by side,lg,m-LRSOS2706,LRSOS2706D,31 cu. ft. Side-by-Side Refrigerator with Smooth Touch Ice Dispenser,1721,"gs://rscw-workshop-fridge-stage-PROJECT_NUMBER/unstructured-data/fridge_images/LRSOS2706.jpg"
LRSOS2706,refrigerator,side by side,lg,m-LRSOS2706,LRSOS2706S,32 cu. ft. Side-by-Side Refrigerator with Smooth Touch Ice Dispenser,1721,"gs://rscw-workshop-fridge-stage-PROJECT_NUMBER/unstructured-data/fridge_images/LRSOS2706.jpg"
GRSS2652AF,refrigerator,side by side,frigidaire,m-GRSS2652AF,GRSS2652AF,"Frigidaire Gallery 26 Cu. Ft. 36 Standard-Depth Side-by-Side Refrigerator",1298,"gs://rscw-workshop-fridge-stage-PROJECT_NUMBER/unstructured-data/fridge_images/GRSS2652AF.jpg"
GRSC2352AF,refrigerator,side by side,frigidaire,m-GRSC2352AF,GRSC2352AF,"Frigidaire Gallery 26 Cu. Ft. 36 Standard-Depth Side-by-Side Refrigerator",1298,"gs://rscw-workshop-fridge-stage-PROJECT_NUMBER/unstructured-data/fridge_images/GRSC2352AF.jpg"
FRFN2813AF,refrigerator,french door,frigidaire,m-FRFN2813AF,FRFN2813AF,Frigidaire 29 Cu. Ft. Standard-Depth French Door Refrigerator,1398,"gs://rscw-workshop-fridge-stage-PROJECT_NUMBER/unstructured-data/fridge_images/FRFN2813AF.jpg"
GRFN2023AF,refrigerator,french door,frigidaire,m-GRFN2023AF,GRFN2023AF,Frigidaire Gallery 20 Cu. Ft. Standard-Depth French Door Refrigerator,1448,"gs://rscw-workshop-fridge-stage-PROJECT_NUMBER/unstructured-data/fridge_images/GRFN2023AF.jpg"
LRYKC2606,refrigerator,french door,lg,m-LRYKC2606,LRYKC2606S,26 cu. ft. Counter-Depth French Door Refrigerator - Stainless Steel,3099,"gs://rscw-workshop-fridge-stage-PROJECT_NUMBER/unstructured-data/fridge_images/LRYKC2606.jpg"
LRYKC2606,refrigerator,french door,lg,m-LRYKC2606,LRYKC2606D,26 cu. ft. Counter-Depth French Door Refrigerator - Stainless Steel,3099,"gs://rscw-workshop-fridge-stage-PROJECT_NUMBER/unstructured-data/fridge_images/LRYKC2606.jpg"
RF70F29MER,refrigerator,french door,samsung,m-RF70F29MER,m-RF70F29MER,Bespoke 36 in. 29 cu. ft. Standard Depth 4-Door French Door Refrigerator with Sphere Ice in Stainless Steel,2099,"gs://rscw-workshop-fridge-stage-PROJECT_NUMBER/unstructured-data/fridge_images/RF70F29MER.jpg"
WRMF3636RW,refrigerator,french door,whirlpool,m-WRMF3636RW,m-WRMF3636RW,36 in. 24.5 cu. ft. Standard Depth French Door Refrigerator in Fingerprint Resistant Stainless Steel,2099,"gs://rscw-workshop-fridge-stage-PROJECT_NUMBER/unstructured-data/fridge_images/WRMF3636RW.jpg"
RT31CG5624S9,refrigerator,top freezer,samsung,m-RT31CG5624S9,RT31CG5624S9,Samsung - 18 cu. ft. Garage Ready Top Freezer Refrigerator with All-Around Cooling - Stainless Steel,899,"gs://rscw-workshop-fridge-stage-PROJECT_NUMBER/unstructured-data/fridge_images/RT31CG5624S9.jpg"
RT53K65x3RSL-EF,refrigerator,top freezer,samsung,m-RT53K65x3RSL-EF,RT53K65x3RSL-EF,21 cu. ft. Standard Depth Top Freezer Refrigerator with FlexZone and Ice Maker in Fingerprint-Resistant Stainless Steel,1099,"gs://rscw-workshop-fridge-stage-PROJECT_NUMBER/unstructured-data/fridge_images/RT53K65x3RSL-EF.jpg"
RT45KSSW1,refrigerator,top freezer,samsung,m-RT45KSSW1-EUR,RT45KSSW1-EUR,Samsung - 18 cu. ft. Garage Ready Top Freezer Refrigerator with Ice Maker - Stainless Steel,699,"gs://rscw-workshop-fridge-stage-PROJECT_NUMBER/unstructured-data/fridge_images/RT45KSSW1.jpg"
RT45KSSW1,refrigerator,top freezer,samsung,m-RT45KSSW1-JUM,RT45KSSW1-JUM,Samsung - 18 cu. ft. Garage Ready Top Freezer Refrigerator with Ice Maker - Stainless Steel,699,"gs://rscw-workshop-fridge-stage-PROJECT_NUMBER/unstructured-data/fridge_images/RT45KSSW1.jpg"
FFHT2022AS,refrigerator,top freezer,frigidaire,m-FFHT2022AS,FFHT2022AS,Frigidaire 20 Cu. Ft. Garage Ready Top Freezer Refrigerator,798,"gs://rscw-workshop-fridge-stage-PROJECT_NUMBER/unstructured-data/fridge_images/FFHT2022AS.jpg"
FFTR2045VS,refrigerator,top freezer,frigidaire,m-FFTR2045VS,FFTR2045VS,Frigidaire 20 Cu. Ft. Garage Ready Top Freezer Refrigerator,728,"gs://rscw-workshop-fridge-stage-PROJECT_NUMBER/unstructured-data/fridge_images/FFTR2045VS.jpg"
LRDCS2603S,refrigerator,bottom freezer,lg,m-LRDCS2603S,LRDCS2603S,26 cu. ft. 33 Inch Wide Bottom Freezer Refrigerator - Stainless Steel,1699,"gs://rscw-workshop-fridge-stage-PROJECT_NUMBER/unstructured-data/fridge_images/LRDCS2603S.jpg"
LBNC15231V,refrigerator,bottom freezer,lg,m-LBNC15231V,LBNC15231V,15 cu. ft. 28 Inch Wide Bottom Freezer Refrigerator - Stainless Steel,1499,"gs://rscw-workshop-fridge-stage-PROJECT_NUMBER/unstructured-data/fridge_images/LBNC15231V.jpg"
FPFU19F8WF,refrigerator,one door,frigidaire,m-FPFU19F8WF,FPFU19F8WF,Frigidaire Professional 19 Cu. Ft. Single-Door Freezer,3298,"gs://rscw-workshop-fridge-stage-PROJECT_NUMBER/unstructured-data/fridge_images/FPFU19F8WF.jpg"
FPRU19F8WF,refrigerator,one door,frigidaire,m-FPRU19F8WF,FPRU19F8WF,Frigidaire Professional 19 Cu. Ft. Single-Door Refrigerator,3298,"gs://rscw-workshop-fridge-stage-PROJECT_NUMBER/unstructured-data/fridge_images/FPRU19F8WF.jpg"
RZ32C76GE48-EU,refrigerator,one door,samsung,m-RZ32C76GE48-EU,RZ32C76GE48-EU,Samsung Convertible Upright Freezer/Refrigerator 11.4-cu ft Garage Ready Frost-free Upright Freezer ( Stainless Look ) ENERGY STAR Certified,899,"gs://rscw-workshop-fridge-stage-PROJECT_NUMBER/unstructured-data/fridge_images/RZ32C76GE48-EU.jpg"
RR39C7DJ5S9-EU,refrigerator,one door,samsung,m-RR39C7DJ5S9-EU,RR39C7DJ5S9-EU,Samsung - 11.4 cu. ft. Capacity Convertible Upright Freezer - Stainless Steel Look,899,"gs://rscw-workshop-fridge-stage-PROJECT_NUMBER/unstructured-data/fridge_images/RR39C7DJ5S9-EU.jpg"
FFPE4533UM,refrigerator,compact,frigidaire,m-FFPE4533UM,FFPE4533UM,Frigidaire 4.5 Cu. Ft. Compact Refrigerator,238,"gs://rscw-workshop-fridge-stage-PROJECT_NUMBER/unstructured-data/fridge_images/FFPE4533UM.jpg"
RW33EBSS1,refrigerator,wine cellar,samsung,m-RW33EBSS1-XEO,RW33EBSS1-XEO,Dual Zone 24 in. 51-Bottle Free Standing Wine Cooler in Stainless Steel,1619,"gs://rscw-workshop-fridge-stage-PROJECT_NUMBER/unstructured-data/fridge_images/RW33EBSS1.jpg"
FRWW4543AS,refrigerator,wine cellar,frigidaire,m-FRWW4543AS,FRWW4543AS,Frigidaire 45 Bottle Two-Zone Wine Cooler,498,"gs://rscw-workshop-fridge-stage-PROJECT_NUMBER/unstructured-data/fridge_images/FRWW4543AS.jpg"